epoch,train_loss,train_acc,train_f1,val_loss,val_acc,val_f1
1,0.648060,0.639744,0.489916,0.641096,0.621976,0.608208
2,0.633482,0.650948,0.516521,0.632428,0.651478,0.583438
3,0.627006,0.654863,0.526435,0.631178,0.636052,0.619244
4,0.623016,0.657992,0.532385,0.633746,0.656668,0.566200
5,0.620563,0.660634,0.533317,0.623282,0.653032,0.614700
6,0.618870,0.661854,0.538303,0.618839,0.644265,0.633566
